Activity Type,Date,Favorite,Title,Distance,Calories,Total Time,Avg HR,Max HR,Aerobic TE,Avg Bike Cadence,Max Bike Cadence,Avg Speed,Max Speed,Total Ascent,Total Descent,Avg Stride Length,Avg GAP,Normalized Power® (NP®),Training Stress Score®,Avg Power,Max Power,Total Strokes,Avg. Swolf,Avg Stroke Rate,Steps,Decompression,Best Lap Time,Number of Laps,Total Runs,Longest Run,Max Speed,Active Time,Total Run Distance,Avg Run Speed,Moving Time,Elapsed Time,Min Elevation,Max Elevation
Cardio,2025-05-01 16:10:50,false,"Bristol Cardio","0.05","339","00:38:00","121","152","1.9","--","--","0.1","4.6","--","--","--","--","--","0.0","--","--","--","--","--","476","No","00:38:00","1","--","--","--","--","--","--","00:00:18","00:38:00","81","88"
Treadmill Running,2025-05-01 15:48:15,false,"Treadmill Running","2.78","270","00:15:01","178","190","3.2","137","198","5:24","3:03","--","--","1.35","--","488","0.0","410","715","--","--","--","2,054","No","00:06:15.9","2","--","--","--","--","--","--","00:10:25","00:15:01","--","--"
Running,2025-04-29 12:12:05,false,"Bristol Running","4.01","346","00:19:53","172","186","3.5","161","171","4:57","4:25","21","21","1.25","5:00","484","0.0","470","626","--","--","--","3,222","No","00:04:08.7","3","--","--","--","--","--","--","00:19:37","00:19:53","77","90"
Cardio,2025-04-28 20:36:55,false,"Bristol Cardio","2.14","524","00:43:51","144","186","3.0","--","--","2.9","18.7","17","8","--","--","--","0.0","--","--","--","--","--","2,610","No","00:43:51","1","--","--","--","--","--","--","00:17:34","00:43:51","77","88"
Cardio,2025-04-28 07:40:55,false,"Cardio","0.00","424","01:02:12","109","164","0.9","--","--","--","--","--","--","--","--","--","0.0","--","--","--","--","--","994","No","01:02:12","1","--","--","--","--","--","--","00:00:00","01:02:12","89","99"
Cardio,2025-04-27 10:38:53,false,"Bristol Cardio","1.44","382","01:09:06","99","163","0.6","--","--","1.2","16.5","12","22","--","--","--","0.0","--","--","--","--","--","316","No","01:09:06","1","--","--","--","--","--","--","00:09:14","01:09:06","10","25"
Cardio,2025-04-25 10:16:27,false,"Cardio","0.00","375","00:53:57","109","151","0.8","--","--","--","--","--","--","--","--","--","0.0","--","--","--","--","--","958","No","00:53:57","1","--","--","--","--","--","--","00:00:00","00:53:57","94","100"
Running,2025-04-24 11:52:43,false,"Bristol Running","5.01","443","00:30:07","145","159","3.0","159","165","6:01","5:12","26","28","1.04","5:58","398","0.0","393","557","--","--","--","4,790","No","00:01:06.3","4","--","--","--","--","--","--","00:30:05","00:30:07","78","94"
Running,2025-04-22 11:42:49,false,"Bristol Running","5.01","448","00:27:20","164","184","3.5","165","170","5:27","4:38","28","28","1.11","5:27","439","0.0","433","634","--","--","--","4,486","No","00:01:02.1","4","--","--","--","--","--","--","00:27:19","00:27:20","74","91"
Cardio,2025-04-14 19:09:18,false,"Bristol Cardio","3.03","552","00:42:58","150","182","3.0","--","--","4.2","21.6","5","4","--","--","--","0.0","--","--","--","--","--","3,572","No","00:42:58","1","--","--","--","--","--","--","00:23:37","00:42:58","74","78"
Cardio,2025-04-14 16:47:53,false,"Cardio","0.00","426","01:01:13","110","144","0.9","--","--","--","--","--","--","--","--","--","0.0","--","--","--","--","--","980","No","01:01:13","1","--","--","--","--","--","--","00:00:00","01:01:13","95","101"
Running,2025-04-13 16:59:03,false,"Bristol Running","5.01","418","00:24:31","168","186","3.6","164","171","4:53","4:16","38","37","1.25","4:54","497","0.0","486","723","--","--","--","4,020","No","00:00:50.8","4","--","--","--","--","--","--","00:24:29","00:24:31","76","94"
Cardio,2025-04-13 12:40:52,false,"Cardio","0.00","448","01:21:39","100","150","1.0","--","--","--","--","--","--","--","--","--","0.0","--","--","--","--","--","810","No","01:21:39","1","--","--","--","--","--","--","00:00:00","01:21:39","95","101"
Cardio,2025-04-11 18:23:56,false,"Bristol Cardio","1.75","516","01:23:38","109","165","0.7","--","--","1.3","70.5","69","54","--","--","--","0.0","--","--","--","--","--","--","No","01:23:38","1","--","--","--","--","--","--","00:11:08","01:23:38","-7","14"
Cardio,2025-04-10 20:03:09,false,"Bristol Cardio","1.49","348","01:03:35","106","157","0.7","--","--","1.4","35.9","303","288","--","--","--","0.0","--","--","--","--","--","--","No","01:03:35","1","--","--","--","--","--","--","00:04:41","01:03:35","-103","10"
Treadmill Running,2025-04-10 18:38:19,false,"Treadmill Running","3.27","347","00:20:01","177","200","3.4","129","190","6:07","3:20","--","--","1.27","--","449","0.0","371","650","--","--","--","2,650","No","00:00:24.0","3","--","--","--","--","--","--","00:13:43","00:20:01","--","--"
Cardio,2025-04-09 07:47:18,false,"Cardio","0.00","363","00:55:44","109","192","1.1","--","--","--","--","--","--","--","--","--","0.0","--","--","--","--","--","948","No","00:55:44","1","--","--","--","--","--","--","00:00:00","00:55:44","91","100"
Running,2025-04-08 17:53:13,false,"Bristol Running","5.01","452","00:33:31","142","156","2.6","156","159","6:41","5:26","32","38","0.96","6:43","361","0.0","353","486","--","--","--","5,206","No","00:01:17.5","4","--","--","--","--","--","--","00:33:29","00:33:31","73","93"
Cardio,2025-04-08 07:20:56,false,"Cardio","0.00","434","01:02:26","110","154","0.8","--","--","--","--","--","--","--","--","--","0.0","--","--","--","--","--","924","No","01:02:26","1","--","--","--","--","--","--","00:00:00","01:02:26","89","97"
Cardio,2025-04-07 18:33:55,false,"Cardio","0.00","471","01:02:01","113","166","1.4","--","--","--","--","--","--","--","--","--","0.0","--","--","--","--","--","600","No","01:02:01","1","--","--","--","--","--","--","00:00:00","01:02:01","93","103"
Running,2025-04-06 11:54:46,false,"Taunton Deane Running","16.17","1,490","01:49:26","144","173","3.6","153","165","6:46","4:59","99","94","0.97","6:46","368","0.0","360","579","--","--","--","16,742","No","00:00:24.5","11","--","--","--","--","--","--","01:48:32","01:49:26","16","40"
Cardio,2025-04-05 13:25:13,false,"Taunton Deane Cardio","0.33","723","02:10:19","101","167","0.6","--","--","0.2","10.4","2","3","--","--","--","0.0","--","--","--","--","--","2,136","No","02:10:19","1","--","--","--","--","--","--","00:01:38","02:10:19","25","34"
Cardio,2025-04-04 19:00:39,false,"Bristol Cardio","1.88","478","01:17:07","107","147","1.0","--","--","1.5","66.9","13","11","--","--","--","0.0","--","--","--","--","--","794","No","01:17:07","1","--","--","--","--","--","--","00:13:54","01:17:07","2","11"
Running,2025-04-04 12:36:39,false,"Bristol Running","5.02","420","00:23:05","179","196","3.9","165","172","4:36","4:05","44","49","1.32","4:38","541","0.0","531","715","--","--","--","3,784","No","00:00:48.2","4","--","--","--","--","--","--","00:23:02","00:23:05","70","88"
Cardio,2025-04-03 18:44:14,false,"Cardio","0.00","388","00:53:19","112","160","0.9","--","--","--","--","--","--","--","--","--","0.0","--","--","--","--","--","738","No","00:53:19","1","--","--","--","--","--","--","00:00:00","00:53:19","95","102"
Running,2025-04-02 18:17:43,false,"Bristol Running","5.01","441","00:28:49","150","165","3.1","159","164","5:45","4:53","54","48","1.09","5:48","425","0.0","417","645","--","--","--","4,576","No","00:01:09.3","4","--","--","--","--","--","--","00:28:48","00:28:49","68","86"
Cardio,2025-04-02 07:18:58,false,"Bristol Cardio","0.00","444","01:01:45","115","172","1.5","--","--","0.0","--","--","--","--","--","--","0.0","--","--","--","--","--","972","No","01:01:45","1","--","--","--","--","--","--","00:00:00","01:01:45","82","90"
Cardio,2025-04-01 18:29:54,false,"Cardio","0.00","424","00:59:25","108","163","2.0","--","--","--","--","--","--","--","--","--","0.0","--","--","--","--","--","948","No","00:59:25","1","--","--","--","--","--","--","00:00:00","00:59:25","89","97"
Cardio,2025-04-01 07:47:58,false,"Cardio","0.00","334","00:47:50","113","159","1.1","--","--","--","--","--","--","--","--","--","0.0","--","--","--","--","--","788","No","00:47:50","1","--","--","--","--","--","--","00:00:00","00:47:50","90","100"
Cardio,2025-03-31 18:33:08,false,"Cardio","0.00","278","00:53:10","98","154","0.7","--","--","--","--","--","--","--","--","--","0.0","--","--","--","--","--","1,230","No","00:53:10","1","--","--","--","--","--","--","00:00:00","00:53:10","99","108"
Running,2025-03-29 10:11:09,false,"Bristol Running","23.57","2,171","02:16:47","173","186","5.0","154","204","5:48","4:15","248","251","1.11","5:45","413","0.0","398","683","--","--","--","21,266","No","00:05:43.1","15","--","--","--","--","--","--","02:14:06","02:16:47","6","105"
Cardio,2025-03-28 18:02:49,false,"Bristol Cardio","5.67","614","01:56:55","100","151","0.7","--","--","2.9","62.7","9","26","--","--","--","0.0","--","--","--","--","--","988","No","01:56:55","1","--","--","--","--","--","--","00:31:30","01:56:55","-0","22"
Cardio,2025-03-26 18:05:52,false,"Bristol Cardio","0.50","276","01:10:17","93","137","0.4","--","--","0.4","137.2","473","468","--","--","--","0.0","--","--","--","--","--","--","No","01:10:17","1","--","--","--","--","--","--","00:02:11","01:10:17","-132","16"
Cardio,2025-03-26 06:55:45,false,"Bristol Cardio","0.01","466","01:03:08","115","158","1.7","--","--","0.0","13.1","--","--","--","--","--","0.0","--","--","--","--","--","1,126","No","01:03:08","1","--","--","--","--","--","--","00:00:10","01:03:08","83","92"
Running,2025-03-25 11:42:00,false,"Bristol Running","5.01","439","00:31:16","144","157","3.0","160","165","6:15","4:49","38","36","1.00","6:11","379","0.0","372","518","--","--","--","5,002","No","00:01:14.4","4","--","--","--","--","--","--","00:31:10","00:31:16","71","88"
Cardio,2025-03-24 18:20:38,false,"Cardio","0.00","294","00:33:32","120","159","1.8","--","--","--","--","--","--","--","--","--","0.0","--","--","--","--","--","470","No","00:33:32","1","--","--","--","--","--","--","00:00:00","00:33:32","100","105"
Treadmill Running,2025-03-24 18:04:28,false,"Treadmill Running","2.62","224","00:14:51","160","185","2.6","132","240","5:40","3:20","--","--","1.33","--","460","0.0","391","668","--","--","--","2,012","No","00:05:40.2","2","--","--","--","--","--","--","00:10:31","00:14:51","--","--"
Cardio,2025-03-23 12:16:20,false,"Cardio","0.00","812","02:22:45","108","171","1.3","--","--","--","--","--","--","--","--","--","0.0","--","--","--","--","--","1,588","No","02:22:45","1","--","--","--","--","--","--","00:00:00","02:22:45","90","103"
Running,2025-03-22 17:46:52,false,"Bristol Running","5.02","403","00:22:56","180","197","4.0","161","176","4:34","4:06","31","36","1.36","4:37","509","0.0","503","652","--","--","--","3,696","No","00:00:46.9","4","--","--","--","--","--","--","00:22:55","00:22:56","73","90"
Cardio,2025-03-21 18:49:49,false,"Bristol Cardio","0.25","245","00:53:03","93","146","0.3","--","--","0.3","23.1","2","1","--","--","--","0.0","--","--","--","--","--","324","No","00:53:03","1","--","--","--","--","--","--","00:00:50","00:53:03","16","24"
Cardio,2025-03-21 06:55:34,false,"Bristol Cardio","0.00","394","00:54:56","115","155","1.2","--","--","0.0","5.3","--","--","--","--","--","0.0","--","--","--","--","--","794","No","00:54:56","1","--","--","--","--","--","--","00:00:05","00:54:56","82","87"
Running,2025-03-20 08:24:01,false,"Bristol Running","2.33","163","00:10:33","155","187","2.5","166","174","4:32","4:08","15","17","1.33","4:35","513","0.0","506","629","--","--","--","1,754","No","00:03:17.5","2","--","--","--","--","--","--","00:10:33","00:10:33","67","81"
Cardio,2025-03-19 17:25:38,false,"Bristol Cardio","0.08","505","01:07:09","117","153","1.8","--","--","0.1","25.7","--","--","--","--","--","0.0","--","--","--","--","--","1,858","No","01:07:09","1","--","--","--","--","--","--","00:00:12","01:07:11","84","89"
Cardio,2025-03-19 06:42:54,false,"Bristol Cardio","0.02","394","00:56:42","111","169","1.1","--","--","0.0","5.1","--","--","--","--","--","0.0","--","--","--","--","--","650","No","00:56:42","1","--","--","--","--","--","--","00:00:07","00:56:42","85","93"
Cardio,2025-03-18 17:55:01,false,"Cardio","0.00","365","00:54:17","111","164","0.9","--","--","--","--","--","--","--","--","--","0.0","--","--","--","--","--","1,036","No","00:54:17","1","--","--","--","--","--","--","00:00:00","00:54:17","89","98"
Cardio,2025-03-18 07:37:34,false,"Cardio","0.00","213","00:38:11","101","142","0.3","--","--","--","--","--","--","--","--","--","0.0","--","--","--","--","--","244","No","00:38:11","1","--","--","--","--","--","--","00:00:00","00:38:11","19","94"
Treadmill Running,2025-03-18 07:09:48,false,"Treadmill Running","3.97","383","00:24:59","164","182","3.3","128","240","6:18","3:25","--","--","1.24","--","420","0.0","351","625","--","--","--","3,276","No","00:04:50.1","3","--","--","--","--","--","--","00:17:07","00:24:59","--","--"
Cardio,2025-03-17 18:08:22,false,"Bristol Cardio","0.47","305","01:09:01","98","155","0.6","--","--","0.4","50.3","386","376","--","--","--","0.0","--","--","--","--","--","--","No","01:09:01","1","--","--","--","--","--","--","00:01:55","01:09:01","-128","18"
Cardio,2025-03-17 15:36:00,false,"Cardio","0.00","334","00:53:26","108","143","0.7","--","--","--","--","--","--","--","--","--","0.0","--","--","--","--","--","862","No","00:53:26","1","--","--","--","--","--","--","00:00:00","00:53:26","97","104"
Running,2025-03-16 10:57:03,false,"Bristol Running","21.28","1,869","02:14:00","158","175","4.6","160","169","6:18","4:53","218","206","1.00","6:22","372","0.0","366","535","--","--","--","21,368","No","00:02:38.6","14","--","--","--","--","--","--","02:13:27","02:16:42","14","98"
Cardio,2025-03-14 20:06:51,false,"Cardio","0.00","331","01:02:11","100","148","0.5","--","--","--","--","--","--","--","--","--","0.0","--","--","--","--","--","752","No","01:02:11","1","--","--","--","--","--","--","00:00:00","01:02:11","-13","-6"
Running,2025-03-13 07:30:50,false,"Bristol Running","5.01","360","00:23:42","159","189","3.5","161","169","4:44","4:13","36","39","1.31","4:50","505","0.0","494","649","--","--","--","3,830","No","00:00:45.6","4","--","--","--","--","--","--","00:23:21","00:23:42","70","91"
Cardio,2025-03-12 20:28:28,false,"Cardio","0.00","368","00:51:34","114","156","1.1","--","--","--","--","--","--","--","--","--","0.0","--","--","--","--","--","1,000","No","00:51:34","1","--","--","--","--","--","--","00:00:00","00:51:34","98","104"
Cardio,2025-03-11 17:23:14,false,"Cardio","0.00","486","01:13:21","114","166","1.6","--","--","--","--","--","--","--","--","--","0.0","--","--","--","--","--","1,004","No","01:13:21","1","--","--","--","--","--","--","00:00:00","01:13:21","98","105"
Cardio,2025-03-11 06:49:55,false,"Cardio","0.00","458","01:05:48","113","149","1.2","--","--","--","--","--","--","--","--","--","0.0","--","--","--","--","--","978","No","01:05:48","1","--","--","--","--","--","--","00:00:00","01:05:48","84","93"
Cardio,2025-03-10 17:30:48,false,"Cardio","0.00","441","01:00:19","115","152","1.8","--","--","--","--","--","--","--","--","--","0.0","--","--","--","--","--","692","No","01:00:19","1","--","--","--","--","--","--","00:00:00","01:00:19","57","66"
Treadmill Running,2025-03-10 07:18:25,false,"Treadmill Running","4.23","412","00:25:15","173","190","3.6","134","210","5:58","3:46","--","--","1.25","--","439","0.0","378","611","--","--","--","3,430","No","00:06:06.7","3","--","--","--","--","--","--","00:18:16","00:25:15","--","--"
Running,2025-03-09 08:14:30,false,"Bristol Running","7.09","619","00:44:41","146","165","3.2","156","167","6:18","4:59","41","74","1.02","6:24","370","0.0","366","523","--","--","--","6,978","No","00:03:54.3","5","--","--","--","--","--","--","00:44:39","00:54:14","37","92"
Cardio,2025-03-08 13:51:14,false,"Cardio","0.00","593","01:42:56","108","164","1.1","--","--","--","--","--","--","--","--","--","0.0","--","--","--","--","--","1,292","No","01:42:56","1","--","--","--","--","--","--","00:00:00","01:43:02","103","116"
Cardio,2025-03-07 18:30:15,false,"Bristol Cardio","5.59","641","01:48:37","108","155","0.7","--","--","3.1","92.2","21","15","--","--","--","0.0","--","--","--","--","--","868","No","01:48:37","1","--","--","--","--","--","--","00:38:01","01:48:38","10","24"
Treadmill Running,2025-03-07 07:04:12,false,"Treadmill Running","3.63","412","00:25:00","175","189","3.7","127","179","6:54","3:45","--","--","1.14","--","391","0.0","326","611","--","--","--","3,292","No","00:02:57.4","3","--","--","--","--","--","--","00:17:10","00:25:00","--","--"
Cardio,2025-03-06 19:03:53,false,"Cardio","0.00","275","00:31:45","123","148","1.5","--","--","--","--","--","--","--","--","--","0.0","--","--","--","--","--","1,102","No","00:31:45","1","--","--","--","--","--","--","00:00:00","00:31:45","74","91"
Cardio,2025-03-06 06:41:14,false,"Cardio","0.00","431","00:54:09","120","164","1.6","--","--","--","--","--","--","--","--","--","0.0","--","--","--","--","--","636","No","00:54:09","1","--","--","--","--","--","--","00:00:00","00:54:09","90","97"
Cardio,2025-03-05 16:28:10,false,"Cardio","0.00","372","00:55:05","114","163","1.5","--","--","--","--","--","--","--","--","--","0.0","--","--","--","--","--","652","No","00:55:05","1","--","--","--","--","--","--","00:00:00","00:55:12","92","100"
Running,2025-03-05 06:24:27,false,"Bristol Running","4.69","382","00:22:24","176","194","3.8","161","168","4:46","4:14","35","35","1.30","4:49","503","0.0","493","713","--","--","--","3,624","No","00:07:01.4","3","--","--","--","--","--","--","00:22:21","00:22:24","74","91"
Cardio,2025-03-04 17:20:46,false,"Cardio","0.00","108","00:36:10","79","110","0.1","--","--","--","--","--","--","--","--","--","0.0","--","--","--","--","--","188","No","00:36:10","1","--","--","--","--","--","--","00:00:00","00:36:10","87","89"
Cardio,2025-03-04 06:30:49,false,"Cardio","0.00","516","01:04:00","122","157","2.0","--","--","--","--","--","--","--","--","--","0.0","--","--","--","--","--","916","No","01:04:00","1","--","--","--","--","--","--","00:00:00","01:04:00","91","106"
Cardio,2025-03-03 06:54:41,false,"Cardio","0.00","345","01:00:51","100","159","1.0","--","--","--","--","--","--","--","--","--","0.0","--","--","--","--","--","662","No","01:00:51","1","--","--","--","--","--","--","00:00:00","01:00:51","89","99"
Cardio,2025-03-02 16:05:47,false,"Cardio","0.00","158","00:52:22","80","132","0.1","--","--","--","--","--","--","--","--","--","0.0","--","--","--","--","--","134","No","00:52:22","1","--","--","--","--","--","--","00:00:00","00:52:22","35","39"
Running,2025-03-01 13:11:12,false,"Bristol Running","20.00","1,840","02:11:27","165","180","5.0","152","234","6:34","4:49","191","193","1.00","6:38","364","0.0","348","563","--","--","--","20,014","No","00:04:34.2","13","--","--","--","--","--","--","02:11:23","02:12:34","12","89"
Cardio,2025-02-28 07:15:12,false,"Cardio","0.00","276","00:34:32","119","149","1.3","--","--","--","--","--","--","--","--","--","0.0","--","--","--","--","--","818","No","00:34:32","1","--","--","--","--","--","--","00:00:00","00:34:32","8","14"
Treadmill Running,2025-02-28 06:54:11,false,"Treadmill Running","3.27","322","00:19:49","174","191","3.5","129","240","6:04","3:25","--","--","1.28","--","440","0.0","371","641","--","--","--","2,628","No","00:00:10.3","3","--","--","--","--","--","--","00:13:40","00:19:49","--","--"
Cardio,2025-02-27 06:41:55,false,"Cardio","0.00","466","01:00:55","117","160","2.0","--","--","--","--","--","--","--","--","--","0.0","--","--","--","--","--","814","No","01:00:55","1","--","--","--","--","--","--","00:00:00","01:00:55","4","17"
Cardio,2025-02-26 06:53:05,false,"Bristol Cardio","0.02","426","00:57:09","117","177","1.5","--","--","0.0","5.8","--","--","--","--","--","0.0","--","--","--","--","--","724","No","00:57:09","1","--","--","--","--","--","--","00:00:11","00:57:09","81","86"
Cardio,2025-02-25 18:42:43,false,"Bristol Cardio","2.89","351","01:07:56","98","151","0.4","--","--","2.5","38.2","4","13","--","--","--","0.0","--","--","--","--","--","594","No","01:07:56","1","--","--","--","--","--","--","00:17:14","01:07:56","13","26"
Running,2025-02-25 06:41:33,false,"Bristol Running","5.01","413","00:24:37","174","190","4.0","159","165","4:55","4:21","36","44","1.28","4:56","485","0.0","477","678","--","--","--","3,910","No","00:00:45.3","4","--","--","--","--","--","--","00:24:36","00:24:37","74","94"
Cardio,2025-02-24 20:13:43,false,"Bristol Cardio","0.01","442","00:55:16","125","176","2.1","--","--","0.0","28.5","31","36","--","--","--","0.0","--","--","--","--","--","--","No","00:55:16","1","--","--","--","--","--","--","00:00:17","00:55:16","86","95"
Treadmill Running,2025-02-23 09:30:57,false,"Treadmill Running","15.03","1,301","01:50:23","146","186","4.1","149","177","7:21","3:28","--","--","0.90","--","378","0.0","310","668","--","--","--","16,450","No","00:02:45.7","10","--","--","--","--","--","--","01:44:10","01:52:42","--","--"
Cardio,2025-02-21 18:14:57,false,"Bristol Cardio","3.79","709","01:50:48","113","174","1.9","--","--","2.1","37.7","20","37","--","--","--","0.0","--","--","--","--","--","972","No","01:50:48","1","--","--","--","--","--","--","00:31:42","01:50:48","9","28"
Treadmill Running,2025-02-21 07:07:25,false,"Treadmill Running","3.17","311","00:19:56","168","184","3.3","127","240","6:17","3:19","--","--","1.25","--","424","0.0","362","668","--","--","--","2,622","No","00:09:27.1","2","--","--","--","--","--","--","00:13:59","00:19:56","--","--"
Cardio,2025-02-20 07:17:48,false,"Cardio","0.00","488","01:09:27","115","158","1.8","--","--","--","--","--","--","--","--","--","0.0","--","--","--","--","--","768","No","01:09:27","1","--","--","--","--","--","--","00:00:00","01:09:27","99","106"
Running,2025-02-19 06:43:24,false,"Bristol Running","5.02","430","00:25:57","172","190","4.0","159","167","5:10","4:31","54","57","1.22","5:11","479","0.0","466","660","--","--","--","4,142","No","00:00:54.7","4","--","--","--","--","--","--","00:25:48","00:25:57","71","91"
Cardio,2025-02-18 06:49:39,false,"Bristol Cardio","0.00","455","01:05:28","114","167","1.4","--","--","--","--","--","--","--","--","--","0.0","--","--","--","--","--","808","No","01:05:28","1","--","--","--","--","--","--","00:00:00","01:05:28","84","92"
Cardio,2025-02-17 07:25:48,false,"Bristol Cardio","0.05","470","00:54:23","125","191","2.3","--","--","0.1","5.8","--","--","--","--","--","0.0","--","--","--","--","--","1,114","No","00:54:23","1","--","--","--","--","--","--","00:00:34","00:54:23","84","95"
Walking,2025-02-15 18:55:58,false,"Taghazout Walking","2.16","315","00:26:49","144","168","2.5","102","214","12:26","10:05","113","20","0.79","--","--","0.0","--","--","--","--","--","2,816","No","00:06:11.2","2","--","--","--","--","--","--","00:24:45","00:26:49","256","356"
Running,2025-02-15 18:30:01,false,"Taghazout Running","5.01","433","00:24:59","174","188","4.0","158","167","4:59","4:21","24","126","1.27","5:09","492","0.0","479","790","--","--","--","3,942","No","00:00:50.8","4","--","--","--","--","--","--","00:24:57","00:24:59","263","381"
Cardio,2025-02-15 08:03:51,false,"Taghazout Cardio","0.05","265","00:56:50","92","130","0.4","--","--","0.1","--","--","--","--","--","--","0.0","--","--","--","--","--","86","No","00:56:50","1","--","--","--","--","--","--","00:00:00","00:56:50","336","375"
Surfing,2025-02-14 13:00:00,false,"Surfing K12","0.00","1,071","02:30:00","140","180","--","--","--","--","--","--","--","--","--","--","0.0","--","--","--","--","--","--","No","02:30:00","1","3","--","--","--","--","--","--:--:--","02:30:00","--","--"
Surfing,2025-02-13 13:00:00,false,"Desert Point Surfing","0.00","788","02:30:00","--","--","--","--","--","--","--","--","--","--","--","--","0.0","--","--","--","--","--","--","No","02:30:00","1","--","--","--","--","--","--","--:--:--","02:30:00","--","--"
Yoga,2025-02-13 08:00:00,false,"Yoga","0.00","330","00:55:00","100","140","--","--","--","--","--","--","--","--","--","--","0.0","--","--","--","--","--","--","No","00:55:00","1","--","--","--","--","--","--","--:--:--","00:55:00","--","--"
Surfing,2025-02-12 12:30:28,false,"Tamri Surfing","3.70","1,425","02:14:41","146","186","4.0","--","--","1.6","92.7","--","--","--","--","--","0.0","--","--","--","--","--","--","No","02:14:41","1","6","61","33.0","2:55.6","0.23","18.1","00:15:27","02:14:41","--","--"
Cardio,2025-02-12 08:05:11,false,"Yoga","0.15","334","00:55:48","102","144","1.3","--","--","0.2","72.9","6","--","--","--","--","0.0","--","--","--","--","--","70","No","00:55:48","1","--","--","--","--","--","--","00:00:25","00:55:48","319","384"
Running,2025-02-11 09:35:18,false,"Taghazout Running","11.30","1,169","01:54:52","137","168","3.1","105","247","10:10","5:41","186","219","1.01","10:27","264","0.0","202","565","--","--","--","12,390","No","00:00:18.9","8","--","--","--","--","--","--","01:38:36","02:10:44","211","360"
Surfing,2025-02-10 12:00:00,false,"Desert Point Surfing","0.00","1,260","04:00:00","145","185","--","--","--","--","--","--","--","--","--","--","0.0","--","--","--","--","--","--","No","04:00:00","1","8","40","30.0","4:00:00","--","--","--:--:--","04:00:00","--","--"
Cardio,2025-02-08 13:27:58,false,"Bristol Cardio","0.00","312","00:45:12","118","164","2.0","--","--","--","5.1","18","21","--","--","--","0.0","--","--","--","--","--","--","No","00:45:12","1","--","--","--","--","--","--","00:00:04","00:45:12","86","91"
Running,2025-02-05 16:53:36,false,"Taunton Deane Running","3.65","306","00:18:47","170","190","3.5","158","169","5:09","4:26","29","31","1.23","5:10","489","0.0","479","643","--","--","--","2,666","No","00:01:57","3","--","--","--","--","--","--","00:18:47","00:18:48","43","58"
Treadmill Running,2025-01-31 12:51:04,false,"Treadmill Running","10.13","899","00:58:46","163","186","4.6","157","167","5:48","4:12","--","--","1.10","--","420","0.0","413","615","--","--","--","9,194","No","00:02:43.9","7","--","--","--","--","--","--","00:58:19","00:58:46","--","--"
Cardio,2025-01-29 14:32:58,false,"Cardio","0.00","375","00:50:12","116","147","1.2","--","--","--","--","--","--","--","--","--","0.0","--","--","--","--","--","674","No","00:50:12","1","--","--","--","--","--","--","00:00:00","00:50:12","66","75"
Cardio,2025-01-27 19:09:53,false,"Bristol Cardio","2.59","530","00:38:35","156","195","3.4","--","--","4.0","22.8","21","22","--","--","--","0.0","--","--","--","--","--","3,062","No","00:38:35","1","--","--","--","--","--","--","00:22:14","00:38:35","75","82"
Cardio,2025-01-24 14:43:05,false,"Cardio","0.00","423","00:51:23","123","166","1.7","--","--","--","--","--","--","--","--","--","0.0","--","--","--","--","--","1,010","No","00:51:23","1","--","--","--","--","--","--","00:00:00","00:51:23","85","92"
Treadmill Running,2025-01-24 13:57:00,false,"Treadmill Running","5.20","415","00:25:39","169","190","3.6","156","210","4:56","4:24","--","--","1.30","--","502","0.0","485","589","--","--","--","3,976","No","00:02:48.5","4","--","--","--","--","--","--","00:24:38","00:25:39","--","--"
Cardio,2025-01-22 13:56:08,false,"Bristol Cardio","0.00","390","00:58:58","115","166","1.5","--","--","0.0","4.5","--","--","--","--","--","0.0","--","--","--","--","--","1,164","No","00:58:58","1","--","--","--","--","--","--","00:00:07","00:58:58","86","92"
Cardio,2025-01-20 20:42:33,false,"Bristol Cardio","1.93","388","00:39:47","139","182","2.4","--","--","2.9","24.2","27","15","--","--","--","0.0","--","--","--","--","--","2,098","No","00:39:47","1","--","--","--","--","--","--","00:17:31","00:39:47","66","83"
Cardio,2025-01-20 14:31:39,false,"Bristol Cardio","0.03","365","00:59:11","110","171","1.3","--","--","0.0","4.9","--","--","--","--","--","0.0","--","--","--","--","--","1,154","No","00:59:11","1","--","--","--","--","--","--","00:00:12","00:59:11","84","91"
Treadmill Running,2025-01-19 10:35:07,false,"Treadmill Running","0.98","58","00:04:00.5","161","175","1.6","168","176","4:06","3:50","--","--","1.45","--","553","0.0","542","593","--","--","--","674","No","00:04:00.5","1","--","--","--","--","--","--","00:03:59","00:04:00.5","--","--"
Treadmill Running,2025-01-19 10:22:07,false,"Treadmill Running","1.19","71","00:05:00.2","159","173","1.8","166","176","4:12","3:46","--","--","1.44","--","557","0.0","530","603","--","--","--","834","No","00:05:00.2","1","--","--","--","--","--","--","00:04:49","00:05:00.2","--","--"
Cardio,2025-01-16 15:15:48,false,"Cardio","0.00","321","00:53:14","107","151","0.9","--","--","--","--","--","--","--","--","--","0.0","--","--","--","--","--","776","No","00:53:14","1","--","--","--","--","--","--","00:00:00","00:53:14","76","81"
Cardio,2025-01-14 14:46:36,false,"Bristol Cardio","0.01","412","00:59:59","118","199","1.9","--","--","0.0","4.2","--","--","--","--","--","0.0","--","--","--","--","--","896","No","00:59:59","1","--","--","--","--","--","--","00:00:10","00:59:59","82","89"
Cardio,2025-01-13 19:59:30,false,"Bristol Cardio","1.75","396","00:35:25","149","193","3.0","--","--","3.0","20.9","15","5","--","--","--","0.0","--","--","--","--","--","2,042","No","00:35:25","1","--","--","--","--","--","--","00:14:50","00:35:25","67","80"
Treadmill Running,2025-01-09 13:53:55,false,"Treadmill Running","9.83","859","00:57:37","168","192","5.0","155","163","5:52","4:31","--","--","1.10","--","392","0.0","383","513","--","--","--","8,892","No","00:01:34.5","7","--","--","--","--","--","--","00:57:15","00:57:37","--","--"
Cardio,2025-01-08 09:19:50,false,"Bristol Cardio","0.29","446","01:13:23","109","162","1.4","--","--","0.2","7.5","--","--","--","--","--","0.0","--","--","--","--","--","1,168","No","01:13:23","1","--","--","--","--","--","--","00:02:54","01:13:23","80","89"
Cardio,2025-01-06 19:15:47,false,"Bristol Cardio","1.72","426","00:32:27","161","197","3.5","--","--","3.2","20.8","14","14","--","--","--","0.0","--","--","--","--","--","2,136","No","00:32:27","1","--","--","--","--","--","--","00:13:02","00:32:27","69","77"
Cardio,2025-01-04 15:55:28,false,"Bristol Cardio","1.05","476","01:05:47","121","188","2.5","--","--","1.0","5.7","10","4","--","--","--","0.0","--","--","--","--","--","2,878","No","01:05:47","1","--","--","--","--","--","--","00:11:33","01:05:47","70","82"
Treadmill Running,2025-01-04 15:26:58,false,"Treadmill Running","4.97","408","00:26:21","171","197","4.3","157","163","5:18","4:26","--","--","1.20","--","429","0.0","424","525","--","--","--","4,114","No","00:00:51.2","4","--","--","--","--","--","--","00:26:13","00:26:21","--","--"
Cardio,2025-01-03 08:29:14,false,"Cardio","0.00","304","00:39:53","125","169","2.8","--","--","--","--","--","--","--","--","--","0.0","--","--","--","--","--","658","No","00:39:53","1","--","--","--","--","--","--","00:00:00","00:52:02","84","90"
Cardio,2024-12-31 10:02:23,false,"Bristol Cardio","1.20","319","00:37:34","127","165","2.2","--","--","1.9","10.5","6","12","--","--","--","0.0","--","--","--","--","--","1,720","No","00:37:34","1","--","--","--","--","--","--","00:11:35","00:37:34","84","91"
Treadmill Running,2024-12-31 09:38:24,false,"Treadmill Running","2.59","264","00:21:37","152","195","3.4","96","176","8:21","3:33","--","--","1.15","--","445","0.0","260","636","--","--","--","2,352","No","00:06:40.1","2","--","--","--","--","--","--","00:13:15","00:21:37","--","--"
Surfing,2024-12-28 12:29:14,false,"Tamri Surfing","4.47","861","01:43:21","132","184","3.1","--","--","2.6","60.5","--","--","--","--","--","0.0","--","--","--","--","--","--","No","01:43:21","1","8","34","19.2","4:52.2","0.23","21.8","00:10:32","01:43:23","--","--"
Cardio,2024-12-28 08:01:24,false,"Taghazout Cardio","0.69","207","01:00:00","89","124","0.4","--","--","0.7","99.1","64","37","--","--","--","0.0","--","--","--","--","--","--","No","01:00:00","1","--","--","--","--","--","--","00:03:13","01:00:00","351","382"
Surfing,2024-12-27 13:34:43,false,"Tamri Surfing","2.67","947","01:52:30","139","188","3.5","--","--","1.4","89.6","--","--","--","--","--","0.0","--","--","--","--","--","--","No","01:52:30","1","6","34","84.8","3:29.4","0.10","37.8","00:10:13","01:52:30","--","--"
Cardio,2024-12-27 08:02:48,false,"Taghazout Cardio","0.58","213","01:02:17","85","119","0.3","--","--","0.6","22.0","19","3","--","--","--","0.0","--","--","--","--","--","248","No","01:02:17","1","--","--","--","--","--","--","00:03:41","01:02:17","360","383"
Cardio,2024-12-26 08:25:31,false,"Taghazout Cardio","11.74","251","01:30:33","79","108","0.2","--","--","7.8","94.6","298","338","--","--","--","0.0","--","--","--","--","--","344","No","01:30:33","1","--","--","--","--","--","--","00:23:48","01:30:33","101","391"
Surfing,2024-12-25 13:34:31,false,"Tamri Surfing","1.87","555","01:11:53","127","162","2.4","--","--","1.6","46.5","--","--","--","--","--","0.0","--","--","--","--","--","--","No","01:11:53","1","6","47","46.5","1:51.1","0.17","17.9","00:07:00","01:11:59","--","--"
Cardio,2024-12-25 08:03:47,false,"Taghazout Cardio","1.27","310","01:25:32","88","135","0.4","--","--","0.9","64.7","23","1","--","--","--","0.0","--","--","--","--","--","184","No","01:25:32","1","--","--","--","--","--","--","00:08:30","01:25:32","311","348"
Surfing,2024-12-24 16:34:52,false,"Taghazout Surfing","1.67","722","01:33:28","127","173","2.9","--","--","1.1","54.9","--","--","--","--","--","0.0","--","--","--","--","--","--","No","01:33:28","1","4","40","54.9","1:49.2","0.10","--","00:05:33","01:33:28","--","--"
Cardio,2024-12-18 13:53:27,false,"Bristol Cardio","0.02","296","00:26:55","139","169","2.8","--","--","0.0","11.5","--","4","--","--","--","0.0","--","--","--","--","--","706","No","00:26:55","1","--","--","--","--","--","--","00:00:14","00:26:55","105","111"
Treadmill Running,2024-12-13 12:00:58,false,"Treadmill Running","9.14","740","00:57:02","157","191","5.0","147","165","6:14","4:16","--","--","1.09","--","384","0.0","351","530","--","--","--","8,378","No","00:06:24.4","6","--","--","--","--","--","--","00:56:29","00:57:02","--","--"
Cardio,2024-12-10 12:16:08,false,"Bristol Cardio","1.44","594","01:21:46","122","171","2.9","--","--","1.1","32.1","56","29","--","--","--","0.0","--","--","--","--","--","784","No","01:21:46","1","--","--","--","--","--","--","00:12:23","01:21:46","-6","50"
Cardio,2024-12-06 12:16:35,false,"Bristol Cardio","0.05","326","00:32:06","135","168","2.8","--","--","0.1","12.0","3","--","--","--","--","0.0","--","--","--","--","--","562","No","00:32:06","1","--","--","--","--","--","--","00:00:15","00:32:06","87","95"
Cardio,2024-12-03 19:33:10,false,"Bristol Cardio","6.69","198","00:24:42","121","147","2.0","--","--","16.3","6.9","--","--","--","--","--","0.0","--","--","--","--","--","186","No","00:24:42","1","--","--","--","--","--","--","00:00:02","00:24:42","1","10"
Treadmill Running,2024-12-03 19:04:31,false,"Treadmill Running","2.89","252","00:16:19","174","189","4.2","151","167","5:39","4:31","--","--","1.17","--","417","0.0","389","507","--","--","--","2,476","No","00:08:05.4","2","--","--","--","--","--","--","00:16:05","00:16:19","--","--"
Cardio,2024-12-02 10:24:59,false,"Bristol Cardio","0.01","594","01:09:33","128","176","3.1","--","--","0.0","--","--","--","--","--","--","0.0","--","--","--","--","--","1,014","No","01:09:33","1","--","--","--","--","--","--","00:00:00","01:09:33","154","165"
Cardio,2024-11-30 18:58:59,false,"Bristol Cardio","2.46","292","00:35:34","123","165","2.4","--","--","4.2","32.6","27","23","--","--","--","0.0","--","--","--","--","--","472","No","00:35:34","1","--","--","--","--","--","--","00:16:30","00:35:34","2","16"
Cardio,2024-11-29 06:51:55,false,"Bristol Cardio","68.86","325","00:35:30","129","171","2.7","--","--","116.4","42.6","21","19","--","--","--","0.0","--","--","--","--","--","944","No","00:35:30","1","--","--","--","--","--","--","00:05:48","00:35:30","-2","9"
Cardio,2024-11-06 11:22:37,false,"Bristol Cardio","3.61","401","01:14:50","105","156","0.9","--","--","2.9","44.7","37","28","--","--","--","0.0","--","--","--","--","--","1,366","No","01:14:50","1","--","--","--","--","--","--","00:12:38","01:14:50","14","32"
Cardio,2024-11-04 14:41:46,false,"Bristol Cardio","0.00","446","01:02:15","118","154","1.5","--","--","0.0","5.7","--","--","--","--","--","0.0","--","--","--","--","--","666","No","01:02:15","1","--","--","--","--","--","--","00:00:03","01:02:15","32","36"
Running,2024-11-02 10:56:00,false,"Taunton Deane Running","3.64","304","00:18:33","179","197","3.7","155","167","5:05","4:02","27","18","1.27","5:06","474","0.0","465","654","--","--","--","2,866","No","00:01:56.2","3","--","--","--","--","--","--","00:18:27","00:18:33","28","47"
Cardio,2024-10-29 07:29:15,false,"Cardio","0.00","339","00:53:50","110","146","0.7","--","--","--","--","--","--","--","--","--","0.0","--","--","--","--","--","708","No","00:53:50","1","--","--","--","--","--","--","00:00:00","00:53:50","22","27"
Cardio,2024-10-28 07:28:45,false,"Cardio","0.00","432","01:10:16","111","149","0.8","--","--","--","--","--","--","--","--","--","0.0","--","--","--","--","--","488","No","01:10:16","1","--","--","--","--","--","--","00:00:00","01:10:16","26","35"
Cardio,2024-10-27 09:34:52,false,"Bristol Cardio","2.96","375","00:53:09","114","180","2.0","--","--","3.3","9.0","50","45","--","--","--","0.0","--","--","--","--","--","3,778","No","00:53:09","1","--","--","--","--","--","--","00:35:08","00:53:09","15","43"
Cardio,2024-10-26 11:00:14,false,"Bristol Cardio","3.48","367","00:53:25","118","189","2.4","--","--","3.9","13.9","48","46","--","--","--","0.0","--","--","--","--","--","4,550","No","00:53:25","1","--","--","--","--","--","--","00:40:27","00:53:25","14","43"
Pool Swim,2024-10-25 08:19:42,false,"Pool Swim","825","187","00:17:00","134","146","1.7","--","--","2:04","0:57","--","--","--","--","--","0.0","--","--","473","45","28","--","No","00:17:00","1","--","--","--","--","--","--","00:17:00","00:17:06","--","--"
Cardio,2024-10-25 07:56:14,false,"Cardio","0.00","205","00:22:56","125","151","1.3","--","--","--","--","--","--","--","--","--","0.0","--","--","--","--","--","690","No","00:22:56","1","--","--","--","--","--","--","00:00:00","00:22:56","120","129"
Cardio,2024-10-23 07:30:54,false,"Cardio","0.00","404","00:50:02","122","154","1.8","--","--","--","--","--","--","--","--","--","0.0","--","--","--","--","--","366","No","00:50:02","1","--","--","--","--","--","--","00:00:00","00:50:02","126","134"
Pool Swim,2024-10-22 07:47:02,false,"Pool Swim","1,050","281","00:22:24","150","186","2.7","--","--","2:08","0:45","--","--","--","--","--","0.0","--","--","611","47","27","--","No","00:22:24","1","--","--","--","--","--","--","00:22:24","00:22:27","--","--"
Cardio,2024-10-21 13:16:03,false,"Cardio","0.00","291","00:23:05","149","175","2.5","--","--","--","--","--","--","--","--","--","0.0","--","--","--","--","--","166","No","00:23:05","1","--","--","--","--","--","--","00:00:00","00:23:06","61","65"
Treadmill Running,2024-10-21 12:38:04,false,"Treadmill Running","5.73","456","00:26:25","181","199","4.4","157","174","4:37","3:47","--","--","1.38","--","507","0.0","498","635","--","--","--","4,126","No","00:04:31.8","4","--","--","--","--","--","--","00:25:59","00:26:25","--","--"
Pool Swim,2024-10-16 07:54:55,false,"Pool Swim","1,000","362","00:23:52","178","192","3.3","--","--","2:23","0:52","--","--","--","--","--","0.0","--","--","618","51","26","--","No","00:23:52","1","--","--","--","--","--","--","00:23:52","00:23:57","--","--"
Cardio,2024-10-16 07:03:05,false,"Cardio","0.00","409","00:49:41","119","161","2.0","--","--","--","--","--","--","--","--","--","0.0","--","--","--","--","--","888","No","00:49:41","1","--","--","--","--","--","--","00:00:00","00:49:41","189","197"
Pool Swim,2024-10-14 07:51:09,false,"Pool Swim","1,000","446","00:31:28","166","191","3.3","--","--","3:09","1:44","--","--","--","--","--","0.0","--","--","669","64","21","--","No","00:31:28","1","--","--","--","--","--","--","00:31:28","00:31:33","--","--"
Cardio,2024-10-14 07:01:20,false,"Cardio","0.00","340","00:39:15","121","158","2.0","--","--","--","--","--","--","--","--","--","0.0","--","--","--","--","--","400","No","00:39:15","1","--","--","--","--","--","--","00:00:00","00:39:15","85","92"
Cardio,2024-10-13 07:52:53,false,"Bristol Cardio","2.37","272","00:32:06","122","157","1.9","--","--","4.4","28.9","28","28","--","--","--","0.0","--","--","--","--","--","2,854","No","00:32:06","1","--","--","--","--","--","--","00:26:14","00:32:06","75","92"
Cardio,2024-10-12 09:55:00,false,"Bristol Cardio","3.16","357","00:54:23","110","188","1.5","--","--","3.5","130.1","70","36","--","--","--","0.0","--","--","--","--","--","3,926","No","00:54:23","1","--","--","--","--","--","--","00:36:25","00:54:23","-6","43"
Cardio,2024-10-11 12:45:21,false,"Bristol Cardio","0.39","366","00:37:01","132","171","2.3","--","--","0.6","22.5","10","2","--","--","--","0.0","--","--","--","--","--","296","No","00:37:01","1","--","--","--","--","--","--","00:03:21","00:37:01","-27","-17"
Cardio,2024-10-11 12:12:14,false,"Cardio","0.00","363","00:24:09","163","194","3.7","--","--","--","--","--","--","--","--","--","0.0","--","--","--","--","--","3,124","No","00:24:09","1","--","--","--","--","--","--","00:00:00","00:24:09","-21","-16"
Pool Swim,2024-10-10 07:49:35,false,"Pool Swim","1,000","322","00:22:11","160","183","3.2","--","--","2:05","0:52","--","--","--","--","--","0.0","--","--","624","47","30","--","No","00:22:11","1","--","--","--","--","--","--","00:20:55","00:22:16","--","--"
Cardio,2024-10-10 07:03:34,false,"Cardio","0.00","408","00:39:08","133","178","2.6","--","--","--","--","--","--","--","--","--","0.0","--","--","--","--","--","1,672","No","00:39:08","1","--","--","--","--","--","--","00:00:00","00:39:08","40","57"
Cardio,2024-10-08 12:04:19,false,"Cardio","0.00","300","00:36:10","118","161","1.9","--","--","--","--","--","--","--","--","--","0.0","--","--","--","--","--","304","No","00:36:10","1","--","--","--","--","--","--","00:00:00","00:36:10","120","128"
Pool Swim,2024-10-07 07:49:01,false,"Pool Swim","825","273","00:18:55","164","183","3.0","--","--","2:13","0:51","--","--","--","--","--","0.0","--","--","484","48","26","--","No","00:00:00.9","11","--","--","--","--","--","--","00:18:20","00:19:01","--","--"
Cardio,2024-10-07 07:00:51,false,"Cardio","0.00","354","00:40:12","120","183","2.1","--","--","--","--","--","--","--","--","--","0.0","--","--","--","--","--","470","No","00:40:12","1","--","--","--","--","--","--","00:00:00","00:40:12","68","76"
Cardio,2024-10-06 14:15:26,false,"Bristol Cardio","1.57","147","00:22:12","106","145","0.6","--","--","4.2","6.1","22","16","--","--","--","0.0","--","--","--","--","--","2,070","No","00:22:12","1","--","--","--","--","--","--","00:13:09","00:22:12","48","65"
Cardio,2024-10-05 09:50:55,false,"Cardio","0.00","304","00:25:30","138","160","2.4","--","--","--","--","--","--","--","--","--","0.0","--","--","--","--","--","214","No","00:25:30","1","--","--","--","--","--","--","00:00:00","00:25:32","9","58"
Cardio,2024-10-05 09:20:11,false,"Cardio","0.00","391","00:27:10","160","192","3.8","--","--","--","--","--","--","--","--","--","0.0","--","--","--","--","--","3,364","No","00:27:10","1","--","--","--","--","--","--","00:00:00","00:27:12","45","65"
Cardio,2024-10-03 07:37:18,false,"Bristol Cardio","0.08","371","00:45:18","120","163","2.0","--","--","0.1","4.1","--","5","--","--","--","0.0","--","--","--","--","--","460","No","00:45:18","1","--","--","--","--","--","--","00:00:07","00:45:18","176","183"
Cardio,2024-10-01 07:49:41,false,"Cardio","0.00","252","00:16:07","167","201","3.3","--","--","--","--","--","--","--","--","--","0.0","--","--","--","--","--","168","No","00:16:07","1","--","--","--","--","--","--","00:00:00","00:16:07","-54","162"
Cardio,2024-09-30 07:06:20,false,"Cardio","0.00","212","00:43:44","94","147","0.3","--","--","--","--","--","--","--","--","--","0.0","--","--","--","--","--","194","No","00:43:44","1","--","--","--","--","--","--","00:00:00","00:43:44","162","174"
Cardio,2024-09-28 13:50:14,false,"Powys Cardio","6.64","1,192","02:06:46","145","195","4.8","--","--","3.1","6.6","464","487","--","--","--","0.0","--","--","--","--","--","10,342","No","02:06:46","1","--","--","--","--","--","--","01:17:36","02:08:29","435","886"
Cardio,2024-09-27 08:52:02,false,"Cardio","0.00","314","00:22:01","156","181","4.0","--","--","--","--","--","--","--","--","--","0.0","--","--","--","--","--","502","No","00:22:01","1","--","--","--","--","--","--","00:00:00","00:22:01","-82","120"
Cardio,2024-09-24 08:55:06,false,"Cardio","0.00","331","00:21:23","166","199","4.6","--","--","--","--","--","--","--","--","--","0.0","--","--","--","--","--","254","No","00:21:23","1","--","--","--","--","--","--","00:00:00","00:21:23","-167","77"
Cardio,2024-09-20 09:38:14,false,"Cardio","0.00","244","00:19:22","144","183","3.5","--","--","--","--","--","--","--","--","--","0.0","--","--","--","--","--","308","No","00:19:22","1","--","--","--","--","--","--","00:00:00","00:19:22","-323","-3"
Cardio,2024-09-18 09:00:06,false,"Cardio","0.00","225","00:20:42","133","181","3.0","--","--","--","--","--","--","--","--","--","0.0","--","--","--","--","--","364","No","00:20:42","1","--","--","--","--","--","--","00:00:00","00:20:42","-394","8"
Cardio,2024-09-10 08:46:05,false,"Cardio","0.00","183","00:14:56","141","183","3.0","--","--","--","--","--","--","--","--","--","0.0","--","--","--","--","--","308","No","00:14:56","1","--","--","--","--","--","--","00:00:00","00:14:57","-303","35"
Cardio,2024-09-08 14:07:17,false,"Cardio","0.00","147","00:13:52","128","166","2.4","--","--","--","--","--","--","--","--","--","0.0","--","--","--","--","--","398","No","00:13:52","1","--","--","--","--","--","--","00:00:00","00:13:52","-234","71"
Cardio,2024-05-14 16:10:23,false,"Bristol Cardio","1.97","232","00:21:27","134","187","3.0","--","--","5.5","8.0","29","27","--","--","--","0.0","--","--","--","--","--","2,290","No","00:21:27","1","--","--","--","--","--","--","00:20:32","00:21:27","22","42"
Cardio,2024-05-13 09:26:02,false,"Bristol Cardio","2.31","232","00:35:53","107","170","2.0","--","--","3.9","29.8","24","37","--","--","--","0.0","--","--","--","--","--","1,588","No","00:35:53","1","--","--","--","--","--","--","00:22:41","00:35:53","17","42"
Cardio,2024-05-13 09:17:25,false,"Bristol Cardio","1.41","119","00:07:57.8","159","184","3.1","--","--","10.6","14.0","23","25","--","--","--","0.0","--","--","--","--","--","1,204","No","00:07:57.8","1","--","--","--","--","--","--","00:07:56","00:08:03.5","15","41"
Cardio,2024-05-13 09:13:35,false,"Bristol Cardio","0.25","37","00:03:27.8","126","145","0.9","--","--","4.4","6.4","1","1","--","--","--","0.0","--","--","--","--","--","302","No","00:03:27.8","1","--","--","--","--","--","--","00:02:34","00:03:27.8","45","47"
Cardio,2024-05-09 09:10:31,false,"Bristol Cardio","1.99","257","00:40:12","106","193","2.1","--","--","3.0","12.6","22","33","--","--","--","0.0","--","--","--","--","--","2,588","No","00:40:12","1","--","--","--","--","--","--","00:21:24","00:40:12","25","46"
Cardio,2024-05-07 17:35:10,false,"Taunton Deane Cardio","1.17","95","00:06:48.0","152","171","2.6","--","--","10.3","17.8","3","2","--","--","--","0.0","--","--","--","--","--","1,002","No","00:06:48.0","1","--","--","--","--","--","--","00:06:39","00:06:48.0","28","31"
Cardio,2024-05-06 10:38:01,false,"North Somerset Cardio","5.17","324","01:04:59","97","138","1.1","--","--","4.8","58.5","75","128","--","--","--","0.0","--","--","--","--","--","3,626","No","01:04:59","1","--","--","--","--","--","--","00:23:01","01:04:59","17","131"
Cardio,2024-05-03 12:11:01,false,"Taunton Deane Cardio","2.50","354","00:35:53","130","156","3.0","--","--","4.2","5.8","25","27","--","--","--","0.0","--","--","--","--","--","3,068","No","00:35:53","1","--","--","--","--","--","--","00:32:17","00:35:53","28","47"
Cardio,2024-04-23 18:11:31,false,"Bristol Cardio","1.50","197","00:17:52","134","173","2.6","--","--","5.1","7.7","32","18","--","--","--","0.0","--","--","--","--","--","1,834","No","00:17:52","1","--","--","--","--","--","--","00:16:22","00:17:52","16","36"
Cardio,2024-04-23 17:53:42,false,"Bristol Cardio","2.51","203","00:17:13","136","168","3.0","--","--","8.7","17.1","9","35","--","--","--","0.0","--","--","--","--","--","2,330","No","00:17:13","1","--","--","--","--","--","--","00:15:36","00:17:13","10","44"
Cardio,2024-04-17 07:27:30,false,"Taunton Deane Cardio","1.18","100","00:08:04.1","140","158","2.4","--","--","8.8","9.7","4","1","--","--","--","0.0","--","--","--","--","--","1,250","No","00:08:04.1","1","--","--","--","--","--","--","00:08:04.1","00:08:04.1","28","31"
Cardio,2024-03-31 11:03:43,false,"Cardio","0.00","1,038","01:48:09","136","190","5.0","--","--","--","--","--","--","--","--","--","0.0","--","--","--","--","--","10,694","No","01:48:09","1","--","--","--","--","--","--","00:00:00","01:48:09","--","--"
Resort Skiing,2024-03-20 12:44:17,false,"Pen-Y-Bont Ar Ogwr Resort Skiing","4.34","682","01:09:30","134","169","3.5","--","--","7.2","41.1","3,316","2,257","--","--","--","0.0","--","--","--","--","--","--","No","00:01:03","35","--","--","--","--","--","--","00:34:05","01:09:42","-360","164"
Cardio,2024-03-13 16:09:22,false,"Cardio","0.00","254","00:20:52","140","165","3.1","--","--","--","--","--","--","--","--","--","0.0","--","--","--","--","--","2,054","No","00:20:52","1","--","--","--","--","--","--","00:00:00","00:20:52","--","--"
Cardio,2024-03-11 13:47:30,false,"Cardio","0.00","180","00:28:34","104","162","1.7","--","--","--","--","--","--","--","--","--","0.0","--","--","--","--","--","1,850","No","00:28:34","1","--","--","--","--","--","--","00:00:00","00:28:34","--","--"
Cardio,2024-03-06 08:57:14,false,"Cardio","0.00","726","02:18:17","104","136","2.0","--","--","--","--","--","--","--","--","--","0.0","--","--","--","--","--","3,664","No","02:18:17","1","--","--","--","--","--","--","00:00:00","02:18:17","--","--"
Cardio,2024-03-04 17:57:49,false,"Cardio","0.00","959","02:27:27","119","149","2.3","--","--","--","--","--","--","--","--","--","0.0","--","--","--","--","--","2,544","No","02:27:27","1","--","--","--","--","--","--","00:00:00","02:27:27","--","--"
Cardio,2024-03-01 11:08:30,false,"Cardio","0.00","88","00:10:04","118","153","1.0","--","--","--","--","--","--","--","--","--","0.0","--","--","--","--","--","46","No","00:10:04","1","--","--","--","--","--","--","00:00:00","00:10:05","--","--"
Cardio,2024-02-29 15:09:57,false,"Cardio","0.00","500","00:43:41","143","176","3.4","--","--","--","--","--","--","--","--","--","0.0","--","--","--","--","--","2,914","No","00:43:41","1","--","--","--","--","--","--","00:00:00","00:43:41","--","--"
Cardio,2024-02-28 10:12:43,false,"Cardio","0.00","129","00:10:00","142","157","2.5","--","--","--","--","--","--","--","--","--","0.0","--","--","--","--","--","282","No","00:10:00","1","--","--","--","--","--","--","00:00:00","00:10:00","--","--"
Resort Skiing,2024-02-10 09:44:10,false,"Les Gets Resort Skiing","3.01","213","00:42:08","97","130","0.5","--","--","4.4","35.9","4","449","--","--","--","0.0","--","--","--","--","--","--","No","00:42:08","1","--","--","--","--","--","--","00:25:08","00:42:12","1,162","1,610"
Resort Skiing,2024-02-09 10:09:00,false,"Les Gets Resort Skiing","9.49","1,198","03:44:05","103","156","2.0","--","--","3.6","48.2","942","1,342","--","--","--","0.0","--","--","--","--","--","--","No","00:25:41","5","--","--","--","--","--","--","01:28:25","03:52:06","1,164","1,621"
Resort Skiing,2024-02-08 09:29:00,false,"Les Gets Resort Skiing","44.29","2,264","06:52:52","106","162","2.7","--","--","9.8","66.3","5,980","6,335","--","--","--","0.0","--","--","--","--","--","--","No","00:06:54.9","18","--","--","--","--","--","--","04:18:07","07:29:02","968","2,221"
Resort Skiing,2024-02-07 13:46:04,false,"Champéry Resort Skiing","19.04","1,110","03:00:32","115","171","3.0","--","--","9.3","58.9","2,086","2,769","--","--","--","0.0","--","--","--","--","--","--","No","00:13:16","8","--","--","--","--","--","--","01:47:25","03:00:42","978","2,237"
Resort Skiing,2024-02-07 11:12:59,false,"Morzine Resort Skiing","12.73","699","01:50:48","110","170","2.7","--","--","12.4","77.0","2,225","2,182","--","--","--","0.0","--","--","--","--","--","--","No","00:00:15.7","5","--","--","--","--","--","--","01:11:45","02:29:15","1,511","2,262"
Resort Skiing,2024-02-07 09:21:16,false,"Les Gets Resort Skiing","0.00","--","00:00:00.8","93","93","2.0","--","--","15.3","14.1","--","--","--","--","--","0.0","--","--","--","--","--","--","No","00:00:00.8","1","--","--","--","--","--","--","00:00:00","00:00:00.8","1,211","1,211"
Resort Skiing,2024-02-06 09:03:09,false,"Les Gets Resort Skiing","37.78","2,785","07:34:49","115","191","3.8","--","--","10.2","84.3","6,308","6,297","--","--","--","0.0","--","--","--","--","--","--","No","00:09:48.0","17","--","--","--","--","--","--","03:30:59","07:34:55","1,119","1,982"
